{
    "categories": [
        {
            "id": "roof-constructions",
            "name": "Roof constructions",
            "comment": "Exterior roof constructions",
            "constructions": [
                {
                    "name": "Construction A",
                    "id": "construction-a",
                    "layers": [
                        "Particle board",
                        "Particle board"
                    ],
                    "thicknesses": [
                        0.200,
                        0.300
                    ],
                    "comment": "made up as a sketch"
                }
            ]
        }
    ]
}